campaign_id,sent_date,segment,customer_id,channel,delivered,opened,clicked,purchased_7d,revenue
CMP001,2026-02-10,vip,C0005,push,True,True,True,False,0
CMP001,2026-02-10,vip,C0018,push,True,False,False,False,0
CMP001,2026-02-10,vip,C0110,sms,True,False,False,False,0
CMP001,2026-02-10,vip,C0113,kakao,True,True,False,False,0
CMP001,2026-02-10,vip,C0153,email,True,False,False,False,0
CMP001,2026-02-10,vip,C0182,kakao,True,True,False,False,0
CMP001,2026-02-10,vip,C0186,push,True,False,False,False,0
CMP001,2026-02-10,vip,C0190,sms,True,False,False,False,0
CMP001,2026-02-10,vip,C0240,push,True,False,False,False,0
CMP001,2026-02-10,vip,C0249,email,True,False,False,False,0
CMP001,2026-02-10,vip,C0279,email,True,False,False,False,0
CMP001,2026-02-10,vip,C0325,sms,True,False,False,False,0
CMP001,2026-02-10,vip,C0357,email,True,True,False,False,0
CMP001,2026-02-10,vip,C0383,sms,True,False,False,False,0
CMP001,2026-02-10,vip,C0430,email,True,False,False,False,0
CMP001,2026-02-10,vip,C0451,email,True,False,False,False,0
CMP001,2026-02-10,vip,C0577,email,True,True,True,False,0
CMP001,2026-02-10,vip,C0595,email,True,False,False,False,0
CMP002,2026-02-09,regular,C0010,kakao,True,True,False,False,0
CMP002,2026-02-09,regular,C0011,push,True,False,False,False,0
CMP002,2026-02-09,regular,C0061,sms,True,True,True,False,0
CMP002,2026-02-09,regular,C0077,push,True,False,False,False,0
CMP002,2026-02-09,regular,C0093,kakao,True,False,False,False,0
CMP002,2026-02-09,regular,C0103,sms,True,False,False,False,0
CMP002,2026-02-09,regular,C0108,sms,True,False,False,False,0
CMP002,2026-02-09,regular,C0140,kakao,True,True,True,False,0
CMP002,2026-02-09,regular,C0155,kakao,True,True,True,False,0
CMP002,2026-02-09,regular,C0163,push,True,True,False,False,0
CMP002,2026-02-09,regular,C0176,sms,True,False,False,False,0
CMP002,2026-02-09,regular,C0196,sms,True,True,True,False,0
CMP002,2026-02-09,regular,C0205,email,True,False,False,False,0
CMP002,2026-02-09,regular,C0209,email,True,True,False,False,0
CMP002,2026-02-09,regular,C0213,email,True,False,False,False,0
CMP002,2026-02-09,regular,C0217,push,True,False,False,False,0
CMP002,2026-02-09,regular,C0220,kakao,True,True,False,False,0
CMP002,2026-02-09,regular,C0230,sms,True,True,False,False,0
CMP002,2026-02-09,regular,C0259,sms,True,True,False,False,0
CMP002,2026-02-09,regular,C0277,email,True,False,False,False,0
CMP002,2026-02-09,regular,C0281,push,True,False,False,False,0
CMP002,2026-02-09,regular,C0282,sms,True,False,False,False,0
CMP002,2026-02-09,regular,C0294,email,True,False,False,False,0
CMP002,2026-02-09,regular,C0302,sms,True,False,False,False,0
CMP002,2026-02-09,regular,C0351,sms,True,False,False,False,0
CMP002,2026-02-09,regular,C0353,kakao,True,False,False,False,0
CMP002,2026-02-09,regular,C0355,kakao,True,False,False,False,0
CMP002,2026-02-09,regular,C0397,sms,True,False,False,False,0
CMP002,2026-02-09,regular,C0404,email,True,False,False,False,0
CMP002,2026-02-09,regular,C0406,kakao,True,False,False,False,0
CMP002,2026-02-09,regular,C0417,push,True,False,False,False,0
CMP002,2026-02-09,regular,C0443,email,True,True,False,False,0
CMP002,2026-02-09,regular,C0455,email,True,False,False,False,0
CMP002,2026-02-09,regular,C0473,kakao,True,False,False,False,0
CMP002,2026-02-09,regular,C0481,sms,True,False,False,False,0
CMP002,2026-02-09,regular,C0482,kakao,True,False,False,False,0
CMP002,2026-02-09,regular,C0486,kakao,True,True,False,False,0
CMP002,2026-02-09,regular,C0489,kakao,True,False,False,False,0
CMP002,2026-02-09,regular,C0490,sms,True,True,True,False,0
CMP002,2026-02-09,regular,C0494,push,True,False,False,False,0
CMP002,2026-02-09,regular,C0504,email,True,False,False,False,0
CMP002,2026-02-09,regular,C0509,email,True,False,False,False,0
CMP002,2026-02-09,regular,C0512,push,True,False,False,False,0
CMP002,2026-02-09,regular,C0526,email,True,True,False,False,0
CMP002,2026-02-09,regular,C0541,kakao,True,True,False,False,0
CMP002,2026-02-09,regular,C0544,sms,True,False,False,False,0
CMP002,2026-02-09,regular,C0554,kakao,True,True,True,True,73000
CMP002,2026-02-09,regular,C0564,email,True,False,False,False,0
CMP002,2026-02-09,regular,C0566,email,True,True,False,False,0
CMP002,2026-02-09,regular,C0567,push,True,False,False,False,0
CMP002,2026-02-09,regular,C0568,email,True,False,False,False,0
CMP002,2026-02-09,regular,C0573,kakao,True,True,True,False,0
CMP002,2026-02-09,regular,C0579,sms,True,False,False,False,0
CMP002,2026-02-09,regular,C0587,email,True,False,False,False,0
CMP002,2026-02-09,regular,C0600,kakao,True,True,False,False,0
CMP003,2026-02-13,dormant,C0006,kakao,True,True,True,True,59000
CMP003,2026-02-13,dormant,C0045,email,True,False,False,False,0
CMP003,2026-02-13,dormant,C0064,push,True,False,False,False,0
CMP003,2026-02-13,dormant,C0069,sms,True,False,False,False,0
CMP003,2026-02-13,dormant,C0072,email,True,False,False,False,0
CMP003,2026-02-13,dormant,C0079,sms,True,False,False,False,0
CMP003,2026-02-13,dormant,C0080,kakao,True,False,False,False,0
CMP003,2026-02-13,dormant,C0084,email,True,False,False,False,0
CMP003,2026-02-13,dormant,C0090,kakao,True,False,False,False,0
CMP003,2026-02-13,dormant,C0092,sms,True,False,False,False,0
CMP003,2026-02-13,dormant,C0094,email,True,False,False,False,0
CMP003,2026-02-13,dormant,C0111,sms,True,False,False,False,0
CMP003,2026-02-13,dormant,C0121,sms,True,False,False,False,0
CMP003,2026-02-13,dormant,C0126,kakao,True,True,True,False,0
CMP003,2026-02-13,dormant,C0132,sms,True,True,False,False,0
CMP003,2026-02-13,dormant,C0135,sms,True,False,False,False,0
CMP003,2026-02-13,dormant,C0149,kakao,True,True,False,False,0
CMP003,2026-02-13,dormant,C0154,sms,True,False,False,False,0
CMP003,2026-02-13,dormant,C0158,push,True,False,False,False,0
CMP003,2026-02-13,dormant,C0175,sms,True,False,False,False,0
CMP003,2026-02-13,dormant,C0180,push,True,True,False,False,0
CMP003,2026-02-13,dormant,C0216,sms,True,False,False,False,0
CMP003,2026-02-13,dormant,C0229,email,True,False,False,False,0
CMP003,2026-02-13,dormant,C0231,sms,True,True,True,True,44000
CMP003,2026-02-13,dormant,C0234,email,True,False,False,False,0
CMP003,2026-02-13,dormant,C0239,kakao,True,True,True,False,0
CMP003,2026-02-13,dormant,C0248,kakao,True,True,False,False,0
CMP003,2026-02-13,dormant,C0272,email,True,True,True,False,0
CMP003,2026-02-13,dormant,C0300,email,True,False,False,False,0
CMP003,2026-02-13,dormant,C0326,sms,True,True,True,False,0
CMP003,2026-02-13,dormant,C0347,kakao,True,False,False,False,0
CMP003,2026-02-13,dormant,C0358,push,True,False,False,False,0
CMP003,2026-02-13,dormant,C0372,sms,True,True,False,False,0
CMP003,2026-02-13,dormant,C0375,kakao,True,True,True,False,0
CMP003,2026-02-13,dormant,C0423,email,True,True,False,False,0
CMP003,2026-02-13,dormant,C0434,push,True,False,False,False,0
CMP003,2026-02-13,dormant,C0444,sms,True,True,True,False,0
CMP003,2026-02-13,dormant,C0445,kakao,True,True,False,False,0
CMP003,2026-02-13,dormant,C0454,kakao,True,False,False,False,0
CMP003,2026-02-13,dormant,C0459,sms,True,False,False,False,0
CMP003,2026-02-13,dormant,C0471,sms,True,False,False,False,0
CMP003,2026-02-13,dormant,C0480,email,True,False,False,False,0
CMP003,2026-02-13,dormant,C0511,kakao,True,False,False,False,0
CMP003,2026-02-13,dormant,C0522,email,True,False,False,False,0
CMP003,2026-02-13,dormant,C0537,kakao,True,True,False,False,0
CMP003,2026-02-13,dormant,C0540,sms,True,False,False,False,0
CMP003,2026-02-13,dormant,C0559,kakao,True,True,False,False,0
CMP003,2026-02-13,dormant,C0565,email,True,False,False,False,0
CMP003,2026-02-13,dormant,C0575,email,True,False,False,False,0
CMP003,2026-02-13,dormant,C0598,email,True,True,False,False,0
CMP004,2026-02-15,new,C0003,email,True,False,False,False,0
CMP004,2026-02-15,new,C0016,email,True,True,False,False,0
CMP004,2026-02-15,new,C0021,kakao,True,True,False,False,0
CMP004,2026-02-15,new,C0027,email,True,False,False,False,0
CMP004,2026-02-15,new,C0030,email,True,False,False,False,0
CMP004,2026-02-15,new,C0031,kakao,True,True,False,False,0
CMP004,2026-02-15,new,C0032,email,True,False,False,False,0
CMP004,2026-02-15,new,C0042,sms,True,True,True,False,0
CMP004,2026-02-15,new,C0048,sms,True,True,True,False,0
CMP004,2026-02-15,new,C0050,sms,True,False,False,False,0
CMP004,2026-02-15,new,C0054,kakao,True,False,False,False,0
CMP004,2026-02-15,new,C0067,kakao,True,True,False,False,0
CMP004,2026-02-15,new,C0082,email,True,False,False,False,0
CMP004,2026-02-15,new,C0095,push,True,False,False,False,0
CMP004,2026-02-15,new,C0101,sms,True,True,True,True,179000
CMP004,2026-02-15,new,C0102,email,True,False,False,False,0
CMP004,2026-02-15,new,C0107,sms,True,False,False,False,0
CMP004,2026-02-15,new,C0137,email,True,False,False,False,0
CMP004,2026-02-15,new,C0138,email,True,True,False,False,0
CMP004,2026-02-15,new,C0139,kakao,True,True,False,False,0
CMP004,2026-02-15,new,C0141,email,True,False,False,False,0
CMP004,2026-02-15,new,C0145,kakao,True,True,False,False,0
CMP004,2026-02-15,new,C0152,kakao,True,False,False,False,0
CMP004,2026-02-15,new,C0165,sms,True,False,False,False,0
CMP004,2026-02-15,new,C0195,sms,True,False,False,False,0
CMP004,2026-02-15,new,C0200,sms,True,False,False,False,0
CMP004,2026-02-15,new,C0201,kakao,True,True,False,False,0
CMP004,2026-02-15,new,C0203,email,True,False,False,False,0
CMP004,2026-02-15,new,C0219,sms,True,False,False,False,0
CMP004,2026-02-15,new,C0225,kakao,True,True,False,False,0
CMP004,2026-02-15,new,C0236,sms,True,False,False,False,0
CMP004,2026-02-15,new,C0243,sms,True,False,False,False,0
CMP004,2026-02-15,new,C0255,sms,True,True,False,False,0
CMP004,2026-02-15,new,C0256,push,True,False,False,False,0
CMP004,2026-02-15,new,C0257,email,True,True,False,False,0
CMP004,2026-02-15,new,C0269,kakao,True,True,False,False,0
CMP004,2026-02-15,new,C0278,sms,True,False,False,False,0
CMP004,2026-02-15,new,C0280,sms,True,False,False,False,0
CMP004,2026-02-15,new,C0285,push,True,False,False,False,0
CMP004,2026-02-15,new,C0289,email,True,False,False,False,0
CMP004,2026-02-15,new,C0290,email,True,False,False,False,0
CMP004,2026-02-15,new,C0291,sms,True,True,False,False,0
CMP004,2026-02-15,new,C0301,sms,True,True,False,False,0
CMP004,2026-02-15,new,C0305,sms,True,False,False,False,0
CMP004,2026-02-15,new,C0331,sms,True,False,False,False,0
CMP004,2026-02-15,new,C0342,sms,True,False,False,False,0
CMP004,2026-02-15,new,C0343,kakao,True,True,False,False,0
CMP004,2026-02-15,new,C0344,push,True,False,False,False,0
CMP004,2026-02-15,new,C0345,kakao,True,False,False,False,0
CMP004,2026-02-15,new,C0362,kakao,True,False,False,False,0
CMP004,2026-02-15,new,C0363,sms,True,False,False,False,0
CMP004,2026-02-15,new,C0369,sms,True,False,False,False,0
CMP004,2026-02-15,new,C0379,push,True,False,False,False,0
CMP004,2026-02-15,new,C0381,kakao,True,True,True,False,0
CMP004,2026-02-15,new,C0384,sms,True,False,False,False,0
CMP004,2026-02-15,new,C0387,email,True,False,False,False,0
CMP004,2026-02-15,new,C0389,kakao,True,True,False,False,0
CMP004,2026-02-15,new,C0390,sms,True,False,False,False,0
CMP004,2026-02-15,new,C0399,email,True,False,False,False,0
CMP004,2026-02-15,new,C0402,email,True,False,False,False,0
CMP004,2026-02-15,new,C0412,sms,True,False,False,False,0
CMP004,2026-02-15,new,C0422,push,True,True,False,False,0
CMP004,2026-02-15,new,C0426,sms,True,False,False,False,0
CMP004,2026-02-15,new,C0427,sms,True,False,False,False,0
CMP004,2026-02-15,new,C0431,sms,True,False,False,False,0
CMP004,2026-02-15,new,C0442,kakao,True,True,False,False,0
CMP004,2026-02-15,new,C0466,sms,True,True,True,False,0
CMP004,2026-02-15,new,C0474,kakao,True,True,False,False,0
CMP004,2026-02-15,new,C0491,sms,True,False,False,False,0
CMP004,2026-02-15,new,C0497,sms,True,False,False,False,0
CMP004,2026-02-15,new,C0503,email,True,False,False,False,0
CMP004,2026-02-15,new,C0514,push,True,False,False,False,0
CMP004,2026-02-15,new,C0517,email,True,False,False,False,0
CMP004,2026-02-15,new,C0527,email,True,True,True,False,0
CMP004,2026-02-15,new,C0529,kakao,True,False,False,False,0
CMP004,2026-02-15,new,C0531,sms,True,False,False,False,0
CMP004,2026-02-15,new,C0534,email,True,False,False,False,0
CMP004,2026-02-15,new,C0549,email,True,False,False,False,0
CMP004,2026-02-15,new,C0555,sms,True,False,False,False,0
CMP004,2026-02-15,new,C0557,kakao,True,True,False,False,0
CMP004,2026-02-15,new,C0562,email,True,True,True,False,0
CMP004,2026-02-15,new,C0576,sms,True,False,False,False,0
CMP004,2026-02-15,new,C0578,kakao,True,False,False,False,0
CMP004,2026-02-15,new,C0584,kakao,True,False,False,False,0
CMP004,2026-02-15,new,C0588,email,True,False,False,False,0
CMP004,2026-02-15,new,C0590,kakao,True,True,False,False,0
CMP004,2026-02-15,new,C0593,email,True,True,True,False,0
CMP005,2026-03-15,vip,C0018,sms,True,False,False,False,0
CMP005,2026-03-15,vip,C0068,push,True,True,True,False,0
CMP005,2026-03-15,vip,C0110,email,True,False,False,False,0
CMP005,2026-03-15,vip,C0113,sms,True,True,True,False,0
CMP005,2026-03-15,vip,C0123,kakao,True,False,False,False,0
CMP005,2026-03-15,vip,C0190,email,True,False,False,False,0
CMP005,2026-03-15,vip,C0214,sms,True,True,False,False,0
CMP005,2026-03-15,vip,C0240,sms,True,False,False,False,0
CMP005,2026-03-15,vip,C0249,sms,True,False,False,False,0
CMP005,2026-03-15,vip,C0279,email,True,True,False,False,0
CMP005,2026-03-15,vip,C0357,kakao,True,True,False,False,0
CMP005,2026-03-15,vip,C0383,sms,True,False,False,False,0
CMP005,2026-03-15,vip,C0451,kakao,True,True,False,False,0
CMP005,2026-03-15,vip,C0515,sms,True,False,False,False,0
CMP005,2026-03-15,vip,C0577,sms,True,False,False,False,0
CMP005,2026-03-15,vip,C0595,sms,True,False,False,False,0
CMP006,2026-03-04,regular,C0010,kakao,True,True,False,False,0
CMP006,2026-03-04,regular,C0011,email,True,False,False,False,0
CMP006,2026-03-04,regular,C0040,sms,True,True,True,True,175000
CMP006,2026-03-04,regular,C0041,kakao,True,True,False,False,0
CMP006,2026-03-04,regular,C0051,sms,True,False,False,False,0
CMP006,2026-03-04,regular,C0052,kakao,True,True,True,False,0
CMP006,2026-03-04,regular,C0066,email,True,False,False,False,0
CMP006,2026-03-04,regular,C0077,sms,True,True,False,False,0
CMP006,2026-03-04,regular,C0085,sms,True,True,False,False,0
CMP006,2026-03-04,regular,C0089,kakao,True,False,False,False,0
CMP006,2026-03-04,regular,C0093,kakao,True,False,False,False,0
CMP006,2026-03-04,regular,C0096,email,True,False,False,False,0
CMP006,2026-03-04,regular,C0103,sms,True,False,False,False,0
CMP006,2026-03-04,regular,C0108,push,True,False,False,False,0
CMP006,2026-03-04,regular,C0129,sms,True,True,False,False,0
CMP006,2026-03-04,regular,C0140,sms,True,False,False,False,0
CMP006,2026-03-04,regular,C0155,sms,True,False,False,False,0
CMP006,2026-03-04,regular,C0167,sms,True,False,False,False,0
CMP006,2026-03-04,regular,C0176,push,True,False,False,False,0
CMP006,2026-03-04,regular,C0179,email,True,False,False,False,0
CMP006,2026-03-04,regular,C0196,kakao,True,False,False,False,0
CMP006,2026-03-04,regular,C0205,kakao,True,False,False,False,0
CMP006,2026-03-04,regular,C0217,kakao,True,True,True,False,0
CMP006,2026-03-04,regular,C0220,email,True,False,False,False,0
CMP006,2026-03-04,regular,C0230,sms,True,False,False,False,0
CMP006,2026-03-04,regular,C0246,email,True,False,False,False,0
CMP006,2026-03-04,regular,C0250,email,True,False,False,False,0
CMP006,2026-03-04,regular,C0259,email,True,True,False,False,0
CMP006,2026-03-04,regular,C0277,sms,True,False,False,False,0
CMP006,2026-03-04,regular,C0281,email,True,False,False,False,0
CMP006,2026-03-04,regular,C0294,email,True,False,False,False,0
CMP006,2026-03-04,regular,C0302,kakao,True,True,True,False,0
CMP006,2026-03-04,regular,C0317,sms,True,False,False,False,0
CMP006,2026-03-04,regular,C0351,push,True,False,False,False,0
CMP006,2026-03-04,regular,C0361,sms,True,False,False,False,0
CMP006,2026-03-04,regular,C0368,email,True,False,False,False,0
CMP006,2026-03-04,regular,C0398,sms,True,False,False,False,0
CMP006,2026-03-04,regular,C0404,sms,True,False,False,False,0
CMP006,2026-03-04,regular,C0406,email,True,False,False,False,0
CMP006,2026-03-04,regular,C0411,kakao,True,False,False,False,0
CMP006,2026-03-04,regular,C0417,kakao,True,False,False,False,0
CMP006,2026-03-04,regular,C0443,push,True,False,False,False,0
CMP006,2026-03-04,regular,C0450,push,True,True,True,False,0
CMP006,2026-03-04,regular,C0458,sms,True,False,False,False,0
CMP006,2026-03-04,regular,C0481,email,True,False,False,False,0
CMP006,2026-03-04,regular,C0482,sms,True,False,False,False,0
CMP006,2026-03-04,regular,C0489,sms,True,False,False,False,0
CMP006,2026-03-04,regular,C0490,kakao,True,False,False,False,0
CMP006,2026-03-04,regular,C0494,sms,True,False,False,False,0
CMP006,2026-03-04,regular,C0502,email,True,False,False,False,0
CMP006,2026-03-04,regular,C0509,email,True,False,False,False,0
CMP006,2026-03-04,regular,C0524,sms,True,True,False,False,0
CMP006,2026-03-04,regular,C0544,sms,True,False,False,False,0
CMP006,2026-03-04,regular,C0550,email,True,False,False,False,0
CMP006,2026-03-04,regular,C0554,kakao,True,True,True,False,0
CMP006,2026-03-04,regular,C0556,sms,True,False,False,False,0
CMP006,2026-03-04,regular,C0566,sms,True,False,False,False,0
CMP006,2026-03-04,regular,C0567,email,True,False,False,False,0
CMP006,2026-03-04,regular,C0568,kakao,True,False,False,False,0
CMP006,2026-03-04,regular,C0569,kakao,True,False,False,False,0
CMP006,2026-03-04,regular,C0572,email,True,False,False,False,0
CMP006,2026-03-04,regular,C0573,kakao,True,True,False,False,0
CMP006,2026-03-04,regular,C0579,kakao,True,False,False,False,0
CMP006,2026-03-04,regular,C0582,sms,True,True,False,False,0
CMP006,2026-03-04,regular,C0583,push,True,False,False,False,0
CMP006,2026-03-04,regular,C0596,sms,True,False,False,False,0
CMP007,2026-03-21,dormant,C0006,push,True,False,False,False,0
CMP007,2026-03-21,dormant,C0025,sms,True,True,False,False,0
CMP007,2026-03-21,dormant,C0064,push,True,False,False,False,0
CMP007,2026-03-21,dormant,C0069,kakao,True,False,False,False,0
CMP007,2026-03-21,dormant,C0074,sms,True,True,False,False,0
CMP007,2026-03-21,dormant,C0080,email,True,False,False,False,0
CMP007,2026-03-21,dormant,C0084,kakao,True,True,False,False,0
CMP007,2026-03-21,dormant,C0090,kakao,True,False,False,False,0
CMP007,2026-03-21,dormant,C0091,sms,True,False,False,False,0
CMP007,2026-03-21,dormant,C0092,email,True,True,False,False,0
CMP007,2026-03-21,dormant,C0111,kakao,True,False,False,False,0
CMP007,2026-03-21,dormant,C0112,email,True,False,False,False,0
CMP007,2026-03-21,dormant,C0121,email,True,True,False,False,0
CMP007,2026-03-21,dormant,C0126,email,True,False,False,False,0
CMP007,2026-03-21,dormant,C0132,email,True,False,False,False,0
CMP007,2026-03-21,dormant,C0149,kakao,True,True,True,True,83000
CMP007,2026-03-21,dormant,C0151,sms,True,True,False,False,0
CMP007,2026-03-21,dormant,C0158,email,True,False,False,False,0
CMP007,2026-03-21,dormant,C0161,kakao,True,True,False,False,0
CMP007,2026-03-21,dormant,C0175,sms,True,False,False,False,0
CMP007,2026-03-21,dormant,C0180,kakao,True,False,False,False,0
CMP007,2026-03-21,dormant,C0183,kakao,True,True,False,False,0
CMP007,2026-03-21,dormant,C0184,kakao,True,False,False,False,0
CMP007,2026-03-21,dormant,C0231,sms,True,False,False,False,0
CMP007,2026-03-21,dormant,C0234,email,True,False,False,False,0
CMP007,2026-03-21,dormant,C0239,email,True,False,False,False,0
CMP007,2026-03-21,dormant,C0242,email,True,False,False,False,0
CMP007,2026-03-21,dormant,C0248,sms,True,False,False,False,0
CMP007,2026-03-21,dormant,C0261,sms,True,True,True,False,0
CMP007,2026-03-21,dormant,C0266,sms,True,False,False,False,0
CMP007,2026-03-21,dormant,C0284,email,True,False,False,False,0
CMP007,2026-03-21,dormant,C0297,sms,True,False,False,False,0
CMP007,2026-03-21,dormant,C0300,email,True,True,False,False,0
CMP007,2026-03-21,dormant,C0307,sms,True,False,False,False,0
CMP007,2026-03-21,dormant,C0311,kakao,True,True,False,False,0
CMP007,2026-03-21,dormant,C0312,email,True,False,False,False,0
CMP007,2026-03-21,dormant,C0320,email,True,False,False,False,0
CMP007,2026-03-21,dormant,C0326,kakao,True,False,False,False,0
CMP007,2026-03-21,dormant,C0330,kakao,True,False,False,False,0
CMP007,2026-03-21,dormant,C0336,kakao,True,False,False,False,0
CMP007,2026-03-21,dormant,C0341,sms,True,True,True,False,0
CMP007,2026-03-21,dormant,C0347,email,True,False,False,False,0
CMP007,2026-03-21,dormant,C0372,sms,True,True,False,False,0
CMP007,2026-03-21,dormant,C0375,kakao,True,False,False,False,0
CMP007,2026-03-21,dormant,C0419,kakao,True,True,True,False,0
CMP007,2026-03-21,dormant,C0423,kakao,True,True,False,False,0
CMP007,2026-03-21,dormant,C0434,kakao,True,True,False,False,0
CMP007,2026-03-21,dormant,C0441,sms,True,True,False,False,0
CMP007,2026-03-21,dormant,C0444,kakao,True,True,False,False,0
CMP007,2026-03-21,dormant,C0454,sms,True,False,False,False,0
CMP007,2026-03-21,dormant,C0459,email,True,False,False,False,0
CMP007,2026-03-21,dormant,C0460,sms,True,False,False,False,0
CMP007,2026-03-21,dormant,C0472,sms,True,False,False,False,0
CMP007,2026-03-21,dormant,C0480,kakao,True,False,False,False,0
CMP007,2026-03-21,dormant,C0511,kakao,True,False,False,False,0
CMP007,2026-03-21,dormant,C0519,sms,True,False,False,False,0
CMP007,2026-03-21,dormant,C0521,sms,True,True,True,False,0
CMP007,2026-03-21,dormant,C0522,email,True,True,False,False,0
CMP007,2026-03-21,dormant,C0523,sms,True,True,True,True,206000
CMP007,2026-03-21,dormant,C0530,email,True,False,False,False,0
CMP007,2026-03-21,dormant,C0537,kakao,True,True,True,False,0
CMP007,2026-03-21,dormant,C0559,kakao,True,False,False,False,0
CMP007,2026-03-21,dormant,C0571,sms,True,False,False,False,0
CMP007,2026-03-21,dormant,C0575,push,True,False,False,False,0
CMP007,2026-03-21,dormant,C0594,sms,True,False,False,False,0
CMP008,2026-03-14,new,C0003,kakao,True,False,False,False,0
CMP008,2026-03-14,new,C0012,kakao,True,True,True,False,0
CMP008,2026-03-14,new,C0016,sms,True,False,False,False,0
CMP008,2026-03-14,new,C0019,email,True,False,False,False,0
CMP008,2026-03-14,new,C0020,kakao,True,False,False,False,0
CMP008,2026-03-14,new,C0021,sms,True,False,False,False,0
CMP008,2026-03-14,new,C0027,email,True,True,False,False,0
CMP008,2026-03-14,new,C0030,email,True,False,False,False,0
CMP008,2026-03-14,new,C0037,email,True,False,False,False,0
CMP008,2026-03-14,new,C0048,kakao,True,True,False,False,0
CMP008,2026-03-14,new,C0050,kakao,True,False,False,False,0
CMP008,2026-03-14,new,C0060,sms,True,False,False,False,0
CMP008,2026-03-14,new,C0062,sms,True,False,False,False,0
CMP008,2026-03-14,new,C0073,email,True,False,False,False,0
CMP008,2026-03-14,new,C0075,sms,True,False,False,False,0
CMP008,2026-03-14,new,C0095,sms,True,False,False,False,0
CMP008,2026-03-14,new,C0102,kakao,True,False,False,False,0
CMP008,2026-03-14,new,C0107,kakao,True,True,True,False,0
CMP008,2026-03-14,new,C0119,kakao,True,False,False,False,0
CMP008,2026-03-14,new,C0137,kakao,True,False,False,False,0
CMP008,2026-03-14,new,C0138,kakao,True,True,True,False,0
CMP008,2026-03-14,new,C0141,kakao,True,False,False,False,0
CMP008,2026-03-14,new,C0143,email,True,False,False,False,0
CMP008,2026-03-14,new,C0145,kakao,True,False,False,False,0
CMP008,2026-03-14,new,C0152,kakao,True,False,False,False,0
CMP008,2026-03-14,new,C0159,email,True,False,False,False,0
CMP008,2026-03-14,new,C0165,email,True,False,False,False,0
CMP008,2026-03-14,new,C0168,email,True,True,False,False,0
CMP008,2026-03-14,new,C0169,email,True,False,False,False,0
CMP008,2026-03-14,new,C0177,email,True,True,True,True,70000
CMP008,2026-03-14,new,C0178,sms,True,True,False,False,0
CMP008,2026-03-14,new,C0200,email,True,False,False,False,0
CMP008,2026-03-14,new,C0201,kakao,True,True,False,False,0
CMP008,2026-03-14,new,C0210,sms,True,False,False,False,0
CMP008,2026-03-14,new,C0219,kakao,True,False,False,False,0
CMP008,2026-03-14,new,C0225,kakao,True,True,True,False,0
CMP008,2026-03-14,new,C0226,sms,True,False,False,False,0
CMP008,2026-03-14,new,C0236,kakao,True,False,False,False,0
CMP008,2026-03-14,new,C0238,email,True,False,False,False,0
CMP008,2026-03-14,new,C0245,email,True,True,False,False,0
CMP008,2026-03-14,new,C0255,email,True,False,False,False,0
CMP008,2026-03-14,new,C0256,push,True,False,False,False,0
CMP008,2026-03-14,new,C0257,sms,True,False,False,False,0
CMP008,2026-03-14,new,C0263,sms,True,False,False,False,0
CMP008,2026-03-14,new,C0280,email,True,False,False,False,0
CMP008,2026-03-14,new,C0285,sms,True,False,False,False,0
CMP008,2026-03-14,new,C0286,sms,True,True,False,False,0
CMP008,2026-03-14,new,C0290,sms,True,False,False,False,0
CMP008,2026-03-14,new,C0298,kakao,True,True,False,False,0
CMP008,2026-03-14,new,C0305,kakao,True,True,False,False,0
CMP008,2026-03-14,new,C0314,push,True,True,False,False,0
CMP008,2026-03-14,new,C0324,sms,True,True,False,False,0
CMP008,2026-03-14,new,C0329,kakao,True,True,False,False,0
CMP008,2026-03-14,new,C0331,push,True,False,False,False,0
CMP008,2026-03-14,new,C0337,kakao,True,False,False,False,0
CMP008,2026-03-14,new,C0340,email,True,False,False,False,0
CMP008,2026-03-14,new,C0345,push,True,False,False,False,0
CMP008,2026-03-14,new,C0348,email,True,False,False,False,0
CMP008,2026-03-14,new,C0354,kakao,True,False,False,False,0
CMP008,2026-03-14,new,C0356,sms,True,True,False,False,0
CMP008,2026-03-14,new,C0362,kakao,True,True,True,False,0
CMP008,2026-03-14,new,C0369,email,True,False,False,False,0
CMP008,2026-03-14,new,C0376,push,True,True,False,False,0
CMP008,2026-03-14,new,C0379,sms,True,False,False,False,0
CMP008,2026-03-14,new,C0381,email,True,False,False,False,0
CMP008,2026-03-14,new,C0384,email,True,False,False,False,0
CMP008,2026-03-14,new,C0389,email,True,False,False,False,0
CMP008,2026-03-14,new,C0390,kakao,True,False,False,False,0
CMP008,2026-03-14,new,C0391,email,True,False,False,False,0
CMP008,2026-03-14,new,C0395,kakao,True,False,False,False,0
CMP008,2026-03-14,new,C0396,email,True,False,False,False,0
CMP008,2026-03-14,new,C0399,email,True,False,False,False,0
CMP008,2026-03-14,new,C0402,sms,True,False,False,False,0
CMP008,2026-03-14,new,C0412,kakao,True,True,True,False,0
CMP008,2026-03-14,new,C0414,sms,True,False,False,False,0
CMP008,2026-03-14,new,C0428,push,True,False,False,False,0
CMP008,2026-03-14,new,C0461,sms,True,False,False,False,0
CMP008,2026-03-14,new,C0462,kakao,True,True,False,False,0
CMP008,2026-03-14,new,C0464,kakao,True,False,False,False,0
CMP008,2026-03-14,new,C0466,push,True,True,False,False,0
CMP008,2026-03-14,new,C0474,kakao,True,True,False,False,0
CMP008,2026-03-14,new,C0476,kakao,True,False,False,False,0
CMP008,2026-03-14,new,C0491,email,True,False,False,False,0
CMP008,2026-03-14,new,C0497,sms,True,False,False,False,0
CMP008,2026-03-14,new,C0498,sms,True,False,False,False,0
CMP008,2026-03-14,new,C0503,sms,True,False,False,False,0
CMP008,2026-03-14,new,C0505,sms,True,True,False,False,0
CMP008,2026-03-14,new,C0507,kakao,True,True,False,False,0
CMP008,2026-03-14,new,C0510,sms,True,False,False,False,0
CMP008,2026-03-14,new,C0516,sms,True,False,False,False,0
CMP008,2026-03-14,new,C0527,kakao,True,False,False,False,0
CMP008,2026-03-14,new,C0555,email,True,False,False,False,0
CMP008,2026-03-14,new,C0562,push,True,False,False,False,0
CMP008,2026-03-14,new,C0578,sms,True,False,False,False,0
CMP008,2026-03-14,new,C0584,sms,True,False,False,False,0
CMP008,2026-03-14,new,C0586,kakao,True,False,False,False,0
CMP008,2026-03-14,new,C0593,sms,True,False,False,False,0
CMP009,2026-04-23,vip,C0005,sms,True,True,False,False,0
CMP009,2026-04-23,vip,C0110,email,True,False,False,False,0
CMP009,2026-04-23,vip,C0153,kakao,True,True,True,False,0
CMP009,2026-04-23,vip,C0186,sms,True,False,False,False,0
CMP009,2026-04-23,vip,C0190,sms,True,True,True,False,0
CMP009,2026-04-23,vip,C0214,kakao,True,True,False,False,0
CMP009,2026-04-23,vip,C0279,email,True,False,False,False,0
CMP009,2026-04-23,vip,C0283,kakao,True,True,False,False,0
CMP009,2026-04-23,vip,C0346,kakao,True,True,False,False,0
CMP009,2026-04-23,vip,C0357,email,True,False,False,False,0
CMP009,2026-04-23,vip,C0383,kakao,True,True,False,False,0
CMP009,2026-04-23,vip,C0418,kakao,True,False,False,False,0
CMP009,2026-04-23,vip,C0430,push,True,True,True,True,136000
CMP009,2026-04-23,vip,C0451,email,True,False,False,False,0
CMP009,2026-04-23,vip,C0477,email,True,False,False,False,0
CMP009,2026-04-23,vip,C0577,kakao,True,False,False,False,0
CMP009,2026-04-23,vip,C0595,email,True,False,False,False,0
CMP010,2026-04-06,regular,C0010,kakao,True,False,False,False,0
CMP010,2026-04-06,regular,C0011,push,True,False,False,False,0
CMP010,2026-04-06,regular,C0041,email,True,True,False,False,0
CMP010,2026-04-06,regular,C0047,sms,True,False,False,False,0
CMP010,2026-04-06,regular,C0051,kakao,True,True,False,False,0
CMP010,2026-04-06,regular,C0052,kakao,True,True,False,False,0
CMP010,2026-04-06,regular,C0053,sms,True,False,False,False,0
CMP010,2026-04-06,regular,C0058,email,True,True,True,False,0
CMP010,2026-04-06,regular,C0061,email,True,False,False,False,0
CMP010,2026-04-06,regular,C0066,kakao,True,False,False,False,0
CMP010,2026-04-06,regular,C0085,sms,True,False,False,False,0
CMP010,2026-04-06,regular,C0089,sms,True,False,False,False,0
CMP010,2026-04-06,regular,C0093,email,True,False,False,False,0
CMP010,2026-04-06,regular,C0109,sms,True,False,False,False,0
CMP010,2026-04-06,regular,C0131,email,True,False,False,False,0
CMP010,2026-04-06,regular,C0148,sms,True,False,False,False,0
CMP010,2026-04-06,regular,C0155,kakao,True,True,True,False,0
CMP010,2026-04-06,regular,C0167,email,True,False,False,False,0
CMP010,2026-04-06,regular,C0176,email,True,False,False,False,0
CMP010,2026-04-06,regular,C0181,push,True,False,False,False,0
CMP010,2026-04-06,regular,C0196,kakao,True,False,False,False,0
CMP010,2026-04-06,regular,C0205,email,True,True,False,False,0
CMP010,2026-04-06,regular,C0209,email,True,True,True,True,245000
CMP010,2026-04-06,regular,C0217,email,True,False,False,False,0
CMP010,2026-04-06,regular,C0220,kakao,True,True,False,False,0
CMP010,2026-04-06,regular,C0230,email,True,True,True,False,0
CMP010,2026-04-06,regular,C0246,sms,True,False,False,False,0
CMP010,2026-04-06,regular,C0250,email,True,False,False,False,0
CMP010,2026-04-06,regular,C0259,email,True,False,False,False,0
CMP010,2026-04-06,regular,C0262,sms,True,False,False,False,0
CMP010,2026-04-06,regular,C0275,kakao,True,True,True,False,0
CMP010,2026-04-06,regular,C0295,email,True,False,False,False,0
CMP010,2026-04-06,regular,C0302,push,True,False,False,False,0
CMP010,2026-04-06,regular,C0317,sms,True,False,False,False,0
CMP010,2026-04-06,regular,C0321,email,True,False,False,False,0
CMP010,2026-04-06,regular,C0353,sms,True,False,False,False,0
CMP010,2026-04-06,regular,C0359,kakao,True,True,True,False,0
CMP010,2026-04-06,regular,C0361,kakao,True,True,False,False,0
CMP010,2026-04-06,regular,C0368,email,True,False,False,False,0
CMP010,2026-04-06,regular,C0371,push,True,False,False,False,0
CMP010,2026-04-06,regular,C0388,email,True,False,False,False,0
CMP010,2026-04-06,regular,C0398,kakao,True,False,False,False,0
CMP010,2026-04-06,regular,C0400,sms,True,False,False,False,0
CMP010,2026-04-06,regular,C0406,push,True,False,False,False,0
CMP010,2026-04-06,regular,C0415,sms,True,True,False,False,0
CMP010,2026-04-06,regular,C0417,email,True,False,False,False,0
CMP010,2026-04-06,regular,C0436,email,True,False,False,False,0
CMP010,2026-04-06,regular,C0443,kakao,True,False,False,False,0
CMP010,2026-04-06,regular,C0447,sms,True,False,False,False,0
CMP010,2026-04-06,regular,C0450,sms,True,False,False,False,0
CMP010,2026-04-06,regular,C0456,email,True,True,False,False,0
CMP010,2026-04-06,regular,C0458,sms,True,False,False,False,0
CMP010,2026-04-06,regular,C0467,email,True,False,False,False,0
CMP010,2026-04-06,regular,C0481,email,True,False,False,False,0
CMP010,2026-04-06,regular,C0489,sms,True,False,False,False,0
CMP010,2026-04-06,regular,C0490,email,True,True,False,False,0
CMP010,2026-04-06,regular,C0492,kakao,True,False,False,False,0
CMP010,2026-04-06,regular,C0494,push,True,False,False,False,0
CMP010,2026-04-06,regular,C0496,sms,True,False,False,False,0
CMP010,2026-04-06,regular,C0502,kakao,True,False,False,False,0
CMP010,2026-04-06,regular,C0504,push,True,False,False,False,0
CMP010,2026-04-06,regular,C0541,push,True,False,False,False,0
CMP010,2026-04-06,regular,C0544,sms,True,False,False,False,0
CMP010,2026-04-06,regular,C0554,kakao,True,True,True,False,0
CMP010,2026-04-06,regular,C0556,push,True,True,False,False,0
CMP010,2026-04-06,regular,C0566,push,True,False,False,False,0
CMP010,2026-04-06,regular,C0567,email,True,False,False,False,0
CMP010,2026-04-06,regular,C0569,sms,True,False,False,False,0
CMP010,2026-04-06,regular,C0572,sms,True,False,False,False,0
CMP010,2026-04-06,regular,C0573,kakao,True,True,False,False,0
CMP010,2026-04-06,regular,C0582,sms,True,False,False,False,0
CMP010,2026-04-06,regular,C0596,sms,True,True,True,False,0
CMP011,2026-04-05,dormant,C0025,email,True,True,True,False,0
CMP011,2026-04-05,dormant,C0038,sms,True,False,False,False,0
CMP011,2026-04-05,dormant,C0045,sms,True,False,False,False,0
CMP011,2026-04-05,dormant,C0079,kakao,True,True,False,False,0
CMP011,2026-04-05,dormant,C0084,email,True,False,False,False,0
CMP011,2026-04-05,dormant,C0087,sms,True,True,False,False,0
CMP011,2026-04-05,dormant,C0090,email,True,True,False,False,0
CMP011,2026-04-05,dormant,C0091,email,True,False,False,False,0
CMP011,2026-04-05,dormant,C0094,email,True,False,False,False,0
CMP011,2026-04-05,dormant,C0111,sms,True,True,True,False,0
CMP011,2026-04-05,dormant,C0112,sms,True,False,False,False,0
CMP011,2026-04-05,dormant,C0132,email,True,False,False,False,0
CMP011,2026-04-05,dormant,C0133,email,True,False,False,False,0
CMP011,2026-04-05,dormant,C0149,kakao,True,True,True,False,0
CMP011,2026-04-05,dormant,C0150,kakao,True,False,False,False,0
CMP011,2026-04-05,dormant,C0151,email,True,True,False,False,0
CMP011,2026-04-05,dormant,C0157,kakao,True,True,False,False,0
CMP011,2026-04-05,dormant,C0158,email,True,True,False,False,0
CMP011,2026-04-05,dormant,C0173,email,True,True,False,False,0
CMP011,2026-04-05,dormant,C0180,push,True,False,False,False,0
CMP011,2026-04-05,dormant,C0184,email,True,False,False,False,0
CMP011,2026-04-05,dormant,C0234,email,True,True,False,False,0
CMP011,2026-04-05,dormant,C0239,sms,True,True,False,False,0
CMP011,2026-04-05,dormant,C0242,email,True,False,False,False,0
CMP011,2026-04-05,dormant,C0248,kakao,True,False,False,False,0
CMP011,2026-04-05,dormant,C0258,email,True,True,True,False,0
CMP011,2026-04-05,dormant,C0264,email,True,True,True,True,86000
CMP011,2026-04-05,dormant,C0266,email,True,False,False,False,0
CMP011,2026-04-05,dormant,C0272,kakao,True,True,True,False,0
CMP011,2026-04-05,dormant,C0297,sms,True,False,False,False,0
CMP011,2026-04-05,dormant,C0300,sms,True,True,False,False,0
CMP011,2026-04-05,dormant,C0310,kakao,True,False,False,False,0
CMP011,2026-04-05,dormant,C0311,kakao,True,False,False,False,0
CMP011,2026-04-05,dormant,C0312,email,True,True,True,False,0
CMP011,2026-04-05,dormant,C0320,kakao,True,True,True,False,0
CMP011,2026-04-05,dormant,C0334,email,True,False,False,False,0
CMP011,2026-04-05,dormant,C0336,email,True,False,False,False,0
CMP011,2026-04-05,dormant,C0341,kakao,True,False,False,False,0
CMP011,2026-04-05,dormant,C0358,email,True,True,True,False,0
CMP011,2026-04-05,dormant,C0382,kakao,True,True,False,False,0
CMP011,2026-04-05,dormant,C0385,email,True,False,False,False,0
CMP011,2026-04-05,dormant,C0420,email,True,False,False,False,0
CMP011,2026-04-05,dormant,C0445,kakao,True,True,False,False,0
CMP011,2026-04-05,dormant,C0470,sms,True,False,False,False,0
CMP011,2026-04-05,dormant,C0471,sms,True,True,True,True,141000
CMP011,2026-04-05,dormant,C0472,kakao,True,True,False,False,0
CMP011,2026-04-05,dormant,C0480,sms,True,True,True,True,242000
CMP011,2026-04-05,dormant,C0487,kakao,True,False,False,False,0
CMP011,2026-04-05,dormant,C0500,kakao,True,False,False,False,0
CMP011,2026-04-05,dormant,C0501,email,True,False,False,False,0
CMP011,2026-04-05,dormant,C0511,sms,True,False,False,False,0
CMP011,2026-04-05,dormant,C0519,sms,True,False,False,False,0
CMP011,2026-04-05,dormant,C0522,sms,True,False,False,False,0
CMP011,2026-04-05,dormant,C0537,email,True,False,False,False,0
CMP011,2026-04-05,dormant,C0558,push,True,False,False,False,0
CMP011,2026-04-05,dormant,C0559,email,True,True,False,False,0
CMP011,2026-04-05,dormant,C0565,sms,True,True,False,False,0
CMP011,2026-04-05,dormant,C0575,kakao,True,False,False,False,0
CMP011,2026-04-05,dormant,C0598,email,True,False,False,False,0
CMP012,2026-04-16,new,C0003,kakao,True,True,True,True,190000
CMP012,2026-04-16,new,C0012,sms,True,False,False,False,0
CMP012,2026-04-16,new,C0013,email,True,False,False,False,0
CMP012,2026-04-16,new,C0014,kakao,True,True,False,False,0
CMP012,2026-04-16,new,C0016,sms,True,True,False,False,0
CMP012,2026-04-16,new,C0020,push,True,False,False,False,0
CMP012,2026-04-16,new,C0021,sms,True,False,False,False,0
CMP012,2026-04-16,new,C0023,sms,True,False,False,False,0
CMP012,2026-04-16,new,C0027,push,True,False,False,False,0
CMP012,2026-04-16,new,C0031,sms,True,False,False,False,0
CMP012,2026-04-16,new,C0037,push,True,False,False,False,0
CMP012,2026-04-16,new,C0042,sms,True,False,False,False,0
CMP012,2026-04-16,new,C0054,email,True,False,False,False,0
CMP012,2026-04-16,new,C0056,sms,True,False,False,False,0
CMP012,2026-04-16,new,C0062,push,True,False,False,False,0
CMP012,2026-04-16,new,C0086,email,True,False,False,False,0
CMP012,2026-04-16,new,C0101,sms,True,False,False,False,0
CMP012,2026-04-16,new,C0102,email,True,False,False,False,0
CMP012,2026-04-16,new,C0105,email,True,False,False,False,0
CMP012,2026-04-16,new,C0107,email,True,False,False,False,0
CMP012,2026-04-16,new,C0119,kakao,True,True,False,False,0
CMP012,2026-04-16,new,C0120,kakao,True,False,False,False,0
CMP012,2026-04-16,new,C0122,email,True,True,False,False,0
CMP012,2026-04-16,new,C0125,sms,True,False,False,False,0
CMP012,2026-04-16,new,C0137,email,True,False,False,False,0
CMP012,2026-04-16,new,C0145,kakao,True,True,True,False,0
CMP012,2026-04-16,new,C0152,kakao,True,False,False,False,0
CMP012,2026-04-16,new,C0159,kakao,True,False,False,False,0
CMP012,2026-04-16,new,C0165,kakao,True,False,False,False,0
CMP012,2026-04-16,new,C0166,sms,True,False,False,False,0
CMP012,2026-04-16,new,C0168,sms,True,False,False,False,0
CMP012,2026-04-16,new,C0169,sms,True,True,False,False,0
CMP012,2026-04-16,new,C0177,sms,True,False,False,False,0
CMP012,2026-04-16,new,C0189,sms,True,False,False,False,0
CMP012,2026-04-16,new,C0191,kakao,True,False,False,False,0
CMP012,2026-04-16,new,C0195,email,True,False,False,False,0
CMP012,2026-04-16,new,C0197,kakao,True,True,True,True,202000
CMP012,2026-04-16,new,C0198,kakao,True,False,False,False,0
CMP012,2026-04-16,new,C0200,email,True,False,False,False,0
CMP012,2026-04-16,new,C0210,sms,True,False,False,False,0
CMP012,2026-04-16,new,C0219,sms,True,False,False,False,0
CMP012,2026-04-16,new,C0225,sms,True,True,False,False,0
CMP012,2026-04-16,new,C0236,sms,True,False,False,False,0
CMP012,2026-04-16,new,C0237,sms,True,True,False,False,0
CMP012,2026-04-16,new,C0243,kakao,True,True,False,False,0
CMP012,2026-04-16,new,C0251,kakao,True,False,False,False,0
CMP012,2026-04-16,new,C0255,push,True,False,False,False,0
CMP012,2026-04-16,new,C0257,push,True,True,False,False,0
CMP012,2026-04-16,new,C0263,kakao,True,False,False,False,0
CMP012,2026-04-16,new,C0269,email,True,True,True,False,0
CMP012,2026-04-16,new,C0278,email,True,False,False,False,0
CMP012,2026-04-16,new,C0280,sms,True,False,False,False,0
CMP012,2026-04-16,new,C0285,email,True,False,False,False,0
CMP012,2026-04-16,new,C0292,email,True,False,False,False,0
CMP012,2026-04-16,new,C0298,email,True,False,False,False,0
CMP012,2026-04-16,new,C0305,email,True,False,False,False,0
CMP012,2026-04-16,new,C0306,kakao,True,True,True,False,0
CMP012,2026-04-16,new,C0309,push,True,False,False,False,0
CMP012,2026-04-16,new,C0314,email,True,False,False,False,0
CMP012,2026-04-16,new,C0315,push,True,False,False,False,0
CMP012,2026-04-16,new,C0328,sms,True,False,False,False,0
CMP012,2026-04-16,new,C0329,email,True,False,False,False,0
CMP012,2026-04-16,new,C0331,sms,True,False,False,False,0
CMP012,2026-04-16,new,C0332,kakao,True,True,True,False,0
CMP012,2026-04-16,new,C0337,sms,True,False,False,False,0
CMP012,2026-04-16,new,C0340,sms,True,False,False,False,0
CMP012,2026-04-16,new,C0342,sms,True,False,False,False,0
CMP012,2026-04-16,new,C0343,email,True,True,False,False,0
CMP012,2026-04-16,new,C0344,kakao,True,True,False,False,0
CMP012,2026-04-16,new,C0345,push,True,False,False,False,0
CMP012,2026-04-16,new,C0354,kakao,True,False,False,False,0
CMP012,2026-04-16,new,C0356,push,True,False,False,False,0
CMP012,2026-04-16,new,C0362,email,True,False,False,False,0
CMP012,2026-04-16,new,C0374,sms,True,False,False,False,0
CMP012,2026-04-16,new,C0376,kakao,True,False,False,False,0
CMP012,2026-04-16,new,C0379,email,True,False,False,False,0
CMP012,2026-04-16,new,C0381,sms,True,False,False,False,0
CMP012,2026-04-16,new,C0387,email,True,True,False,False,0
CMP012,2026-04-16,new,C0391,kakao,True,True,False,False,0
CMP012,2026-04-16,new,C0395,sms,True,False,False,False,0
CMP012,2026-04-16,new,C0399,email,True,True,False,False,0
CMP012,2026-04-16,new,C0408,kakao,True,True,True,False,0
CMP012,2026-04-16,new,C0410,email,True,False,False,False,0
CMP012,2026-04-16,new,C0422,kakao,True,False,False,False,0
CMP012,2026-04-16,new,C0426,email,True,False,False,False,0
CMP012,2026-04-16,new,C0427,kakao,True,False,False,False,0
CMP012,2026-04-16,new,C0428,sms,True,False,False,False,0
CMP012,2026-04-16,new,C0440,sms,True,False,False,False,0
CMP012,2026-04-16,new,C0442,sms,True,True,True,False,0
CMP012,2026-04-16,new,C0448,sms,True,False,False,False,0
CMP012,2026-04-16,new,C0461,kakao,True,True,False,False,0
CMP012,2026-04-16,new,C0464,kakao,True,True,False,False,0
CMP012,2026-04-16,new,C0466,push,True,False,False,False,0
CMP012,2026-04-16,new,C0476,kakao,True,False,False,False,0
CMP012,2026-04-16,new,C0484,kakao,True,False,False,False,0
CMP012,2026-04-16,new,C0485,kakao,True,False,False,False,0
CMP012,2026-04-16,new,C0505,email,True,False,False,False,0
CMP012,2026-04-16,new,C0507,email,True,False,False,False,0
CMP012,2026-04-16,new,C0508,email,True,False,False,False,0
CMP012,2026-04-16,new,C0510,push,True,False,False,False,0
CMP012,2026-04-16,new,C0514,email,True,False,False,False,0
CMP012,2026-04-16,new,C0517,sms,True,False,False,False,0
CMP012,2026-04-16,new,C0528,kakao,True,True,False,False,0
CMP012,2026-04-16,new,C0533,email,True,False,False,False,0
CMP012,2026-04-16,new,C0534,email,True,False,False,False,0
CMP012,2026-04-16,new,C0536,kakao,True,True,False,False,0
CMP012,2026-04-16,new,C0543,sms,True,True,False,False,0
CMP012,2026-04-16,new,C0546,email,True,False,False,False,0
CMP012,2026-04-16,new,C0547,kakao,True,True,False,False,0
CMP012,2026-04-16,new,C0548,kakao,True,True,True,False,0
CMP012,2026-04-16,new,C0553,sms,True,False,False,False,0
CMP012,2026-04-16,new,C0555,email,True,False,False,False,0
CMP012,2026-04-16,new,C0557,email,True,False,False,False,0
CMP012,2026-04-16,new,C0561,email,True,True,True,False,0
CMP012,2026-04-16,new,C0574,sms,True,False,False,False,0
CMP012,2026-04-16,new,C0578,push,True,False,False,False,0
CMP012,2026-04-16,new,C0581,sms,True,False,False,False,0
CMP012,2026-04-16,new,C0586,email,True,False,False,False,0
CMP012,2026-04-16,new,C0588,sms,True,False,False,False,0
CMP012,2026-04-16,new,C0590,email,True,False,False,False,0
CMP012,2026-04-16,new,C0593,kakao,True,False,False,False,0
CMP013,2026-05-14,vip,C0005,push,True,True,False,False,0
CMP013,2026-05-14,vip,C0018,kakao,True,False,False,False,0
CMP013,2026-05-14,vip,C0057,kakao,True,True,True,False,0
CMP013,2026-05-14,vip,C0110,email,True,False,False,False,0
CMP013,2026-05-14,vip,C0153,sms,True,True,False,False,0
CMP013,2026-05-14,vip,C0190,kakao,True,False,False,False,0
CMP013,2026-05-14,vip,C0206,kakao,True,True,True,False,0
CMP013,2026-05-14,vip,C0240,kakao,True,False,False,False,0
CMP013,2026-05-14,vip,C0249,push,True,False,False,False,0
CMP013,2026-05-14,vip,C0265,kakao,True,True,False,False,0
CMP013,2026-05-14,vip,C0279,kakao,True,True,False,False,0
CMP013,2026-05-14,vip,C0283,push,True,False,False,False,0
CMP013,2026-05-14,vip,C0325,kakao,True,False,False,False,0
CMP013,2026-05-14,vip,C0346,push,True,False,False,False,0
CMP013,2026-05-14,vip,C0357,sms,True,False,False,False,0
CMP013,2026-05-14,vip,C0418,email,True,True,True,False,0
CMP013,2026-05-14,vip,C0430,sms,True,False,False,False,0
CMP013,2026-05-14,vip,C0451,sms,True,False,False,False,0
CMP013,2026-05-14,vip,C0515,sms,True,False,False,False,0
CMP013,2026-05-14,vip,C0577,sms,True,False,False,False,0
CMP014,2026-05-09,regular,C0010,kakao,True,False,False,False,0
CMP014,2026-05-09,regular,C0015,kakao,True,True,True,False,0
CMP014,2026-05-09,regular,C0044,kakao,True,True,False,False,0
CMP014,2026-05-09,regular,C0052,kakao,True,True,False,False,0
CMP014,2026-05-09,regular,C0061,email,True,False,False,False,0
CMP014,2026-05-09,regular,C0077,push,True,False,False,False,0
CMP014,2026-05-09,regular,C0085,kakao,True,False,False,False,0
CMP014,2026-05-09,regular,C0089,kakao,True,False,False,False,0
CMP014,2026-05-09,regular,C0093,sms,True,False,False,False,0
CMP014,2026-05-09,regular,C0108,email,True,False,False,False,0
CMP014,2026-05-09,regular,C0109,push,True,True,False,False,0
CMP014,2026-05-09,regular,C0114,kakao,True,False,False,False,0
CMP014,2026-05-09,regular,C0127,kakao,True,False,False,False,0
CMP014,2026-05-09,regular,C0129,kakao,True,True,True,False,0
CMP014,2026-05-09,regular,C0148,sms,True,False,False,False,0
CMP014,2026-05-09,regular,C0155,email,True,True,False,False,0
CMP014,2026-05-09,regular,C0163,sms,True,True,False,False,0
CMP014,2026-05-09,regular,C0176,email,True,False,False,False,0
CMP014,2026-05-09,regular,C0181,email,True,False,False,False,0
CMP014,2026-05-09,regular,C0196,kakao,True,True,True,False,0
CMP014,2026-05-09,regular,C0209,push,True,False,False,False,0
CMP014,2026-05-09,regular,C0215,email,True,False,False,False,0
CMP014,2026-05-09,regular,C0217,kakao,True,True,False,False,0
CMP014,2026-05-09,regular,C0220,kakao,True,False,False,False,0
CMP014,2026-05-09,regular,C0221,push,True,False,False,False,0
CMP014,2026-05-09,regular,C0250,email,True,False,False,False,0
CMP014,2026-05-09,regular,C0259,email,True,True,False,False,0
CMP014,2026-05-09,regular,C0262,sms,True,False,False,False,0
CMP014,2026-05-09,regular,C0275,email,True,False,False,False,0
CMP014,2026-05-09,regular,C0277,email,True,False,False,False,0
CMP014,2026-05-09,regular,C0281,kakao,True,True,False,False,0
CMP014,2026-05-09,regular,C0294,sms,True,False,False,False,0
CMP014,2026-05-09,regular,C0295,sms,True,True,False,False,0
CMP014,2026-05-09,regular,C0299,kakao,True,False,False,False,0
CMP014,2026-05-09,regular,C0302,kakao,True,False,False,False,0
CMP014,2026-05-09,regular,C0317,sms,True,False,False,False,0
CMP014,2026-05-09,regular,C0321,kakao,True,True,True,True,178000
CMP014,2026-05-09,regular,C0351,sms,True,True,False,False,0
CMP014,2026-05-09,regular,C0355,kakao,True,False,False,False,0
CMP014,2026-05-09,regular,C0403,email,True,True,True,False,0
CMP014,2026-05-09,regular,C0404,kakao,True,True,False,False,0
CMP014,2026-05-09,regular,C0415,sms,True,True,False,False,0
CMP014,2026-05-09,regular,C0417,kakao,True,True,False,False,0
CMP014,2026-05-09,regular,C0435,kakao,True,True,True,False,0
CMP014,2026-05-09,regular,C0436,push,True,True,True,False,0
CMP014,2026-05-09,regular,C0443,push,True,False,False,False,0
CMP014,2026-05-09,regular,C0447,push,True,True,True,False,0
CMP014,2026-05-09,regular,C0450,sms,True,False,False,False,0
CMP014,2026-05-09,regular,C0456,email,True,False,False,False,0
CMP014,2026-05-09,regular,C0467,email,True,True,True,False,0
CMP014,2026-05-09,regular,C0481,push,True,False,False,False,0
CMP014,2026-05-09,regular,C0482,email,True,False,False,False,0
CMP014,2026-05-09,regular,C0486,kakao,True,False,False,False,0
CMP014,2026-05-09,regular,C0492,sms,True,True,True,True,75000
CMP014,2026-05-09,regular,C0494,push,True,False,False,False,0
CMP014,2026-05-09,regular,C0496,kakao,True,False,False,False,0
CMP014,2026-05-09,regular,C0502,email,True,False,False,False,0
CMP014,2026-05-09,regular,C0509,sms,True,False,False,False,0
CMP014,2026-05-09,regular,C0541,push,True,False,False,False,0
CMP014,2026-05-09,regular,C0544,kakao,True,False,False,False,0
CMP014,2026-05-09,regular,C0550,kakao,True,False,False,False,0
CMP014,2026-05-09,regular,C0556,sms,True,False,False,False,0
CMP014,2026-05-09,regular,C0564,sms,True,False,False,False,0
CMP014,2026-05-09,regular,C0572,email,True,False,False,False,0
CMP014,2026-05-09,regular,C0573,kakao,True,True,False,False,0
CMP014,2026-05-09,regular,C0579,sms,True,True,False,False,0
CMP014,2026-05-09,regular,C0587,kakao,True,True,False,False,0
CMP014,2026-05-09,regular,C0596,email,True,False,False,False,0
CMP015,2026-05-12,dormant,C0008,kakao,True,True,True,False,0
CMP015,2026-05-12,dormant,C0026,email,True,False,False,False,0
CMP015,2026-05-12,dormant,C0038,kakao,True,True,False,False,0
CMP015,2026-05-12,dormant,C0045,email,True,False,False,False,0
CMP015,2026-05-12,dormant,C0055,kakao,True,True,True,False,0
CMP015,2026-05-12,dormant,C0064,push,True,False,False,False,0
CMP015,2026-05-12,dormant,C0079,kakao,True,False,False,False,0
CMP015,2026-05-12,dormant,C0084,email,True,False,False,False,0
CMP015,2026-05-12,dormant,C0091,kakao,True,False,False,False,0
CMP015,2026-05-12,dormant,C0112,sms,True,False,False,False,0
CMP015,2026-05-12,dormant,C0117,email,True,False,False,False,0
CMP015,2026-05-12,dormant,C0121,kakao,True,False,False,False,0
CMP015,2026-05-12,dormant,C0126,email,True,False,False,False,0
CMP015,2026-05-12,dormant,C0132,sms,True,False,False,False,0
CMP015,2026-05-12,dormant,C0133,sms,True,False,False,False,0
CMP015,2026-05-12,dormant,C0135,push,True,False,False,False,0
CMP015,2026-05-12,dormant,C0150,sms,True,False,False,False,0
CMP015,2026-05-12,dormant,C0154,push,True,False,False,False,0
CMP015,2026-05-12,dormant,C0158,sms,True,False,False,False,0
CMP015,2026-05-12,dormant,C0161,email,True,False,False,False,0
CMP015,2026-05-12,dormant,C0172,email,True,False,False,False,0
CMP015,2026-05-12,dormant,C0173,kakao,True,False,False,False,0
CMP015,2026-05-12,dormant,C0183,kakao,True,True,True,False,0
CMP015,2026-05-12,dormant,C0184,kakao,True,True,False,False,0
CMP015,2026-05-12,dormant,C0212,email,True,False,False,False,0
CMP015,2026-05-12,dormant,C0216,email,True,True,False,False,0
CMP015,2026-05-12,dormant,C0227,kakao,True,False,False,False,0
CMP015,2026-05-12,dormant,C0229,push,True,False,False,False,0
CMP015,2026-05-12,dormant,C0239,kakao,True,True,False,False,0
CMP015,2026-05-12,dormant,C0242,sms,True,False,False,False,0
CMP015,2026-05-12,dormant,C0248,email,True,False,False,False,0
CMP015,2026-05-12,dormant,C0258,email,True,True,False,False,0
CMP015,2026-05-12,dormant,C0261,kakao,True,False,False,False,0
CMP015,2026-05-12,dormant,C0270,email,True,False,False,False,0
CMP015,2026-05-12,dormant,C0272,email,True,False,False,False,0
CMP015,2026-05-12,dormant,C0284,email,True,True,False,False,0
CMP015,2026-05-12,dormant,C0297,kakao,True,True,False,False,0
CMP015,2026-05-12,dormant,C0300,email,True,False,False,False,0
CMP015,2026-05-12,dormant,C0310,email,True,False,False,False,0
CMP015,2026-05-12,dormant,C0311,email,True,False,False,False,0
CMP015,2026-05-12,dormant,C0312,email,True,False,False,False,0
CMP015,2026-05-12,dormant,C0320,kakao,True,False,False,False,0
CMP015,2026-05-12,dormant,C0326,email,True,False,False,False,0
CMP015,2026-05-12,dormant,C0330,sms,True,False,False,False,0
CMP015,2026-05-12,dormant,C0341,kakao,True,False,False,False,0
CMP015,2026-05-12,dormant,C0358,kakao,True,False,False,False,0
CMP015,2026-05-12,dormant,C0372,email,True,False,False,False,0
CMP015,2026-05-12,dormant,C0375,email,True,False,False,False,0
CMP015,2026-05-12,dormant,C0380,sms,True,False,False,False,0
CMP015,2026-05-12,dormant,C0385,sms,True,True,False,False,0
CMP015,2026-05-12,dormant,C0401,email,True,False,False,False,0
CMP015,2026-05-12,dormant,C0405,sms,True,False,False,False,0
CMP015,2026-05-12,dormant,C0419,email,True,False,False,False,0
CMP015,2026-05-12,dormant,C0420,kakao,True,False,False,False,0
CMP015,2026-05-12,dormant,C0423,email,True,True,True,False,0
CMP015,2026-05-12,dormant,C0425,email,True,False,False,False,0
CMP015,2026-05-12,dormant,C0432,email,True,False,False,False,0
CMP015,2026-05-12,dormant,C0441,kakao,True,True,False,False,0
CMP015,2026-05-12,dormant,C0444,kakao,True,True,False,False,0
CMP015,2026-05-12,dormant,C0445,email,True,False,False,False,0
CMP015,2026-05-12,dormant,C0454,kakao,True,False,False,False,0
CMP015,2026-05-12,dormant,C0457,email,True,True,False,False,0
CMP015,2026-05-12,dormant,C0459,kakao,True,True,True,False,0
CMP015,2026-05-12,dormant,C0460,sms,True,False,False,False,0
CMP015,2026-05-12,dormant,C0471,sms,True,False,False,False,0
CMP015,2026-05-12,dormant,C0480,sms,True,True,False,False,0
CMP015,2026-05-12,dormant,C0487,email,True,False,False,False,0
CMP015,2026-05-12,dormant,C0519,kakao,True,True,False,False,0
CMP015,2026-05-12,dormant,C0523,sms,True,True,False,False,0
CMP015,2026-05-12,dormant,C0537,sms,True,False,False,False,0
CMP015,2026-05-12,dormant,C0538,kakao,True,False,False,False,0
CMP015,2026-05-12,dormant,C0558,kakao,True,False,False,False,0
CMP015,2026-05-12,dormant,C0559,email,True,False,False,False,0
CMP015,2026-05-12,dormant,C0565,sms,True,True,True,False,0
CMP015,2026-05-12,dormant,C0571,kakao,True,True,False,False,0
CMP015,2026-05-12,dormant,C0592,kakao,True,True,True,False,0
CMP015,2026-05-12,dormant,C0598,email,True,False,False,False,0
CMP016,2026-05-17,new,C0003,sms,True,True,True,False,0
CMP016,2026-05-17,new,C0012,sms,True,False,False,False,0
CMP016,2026-05-17,new,C0013,sms,True,True,True,False,0
CMP016,2026-05-17,new,C0014,email,True,False,False,False,0
CMP016,2026-05-17,new,C0016,kakao,True,True,False,False,0
CMP016,2026-05-17,new,C0020,push,True,False,False,False,0
CMP016,2026-05-17,new,C0023,email,True,False,False,False,0
CMP016,2026-05-17,new,C0024,email,True,False,False,False,0
CMP016,2026-05-17,new,C0027,email,True,False,False,False,0
CMP016,2026-05-17,new,C0032,kakao,True,True,True,False,0
CMP016,2026-05-17,new,C0037,email,True,False,False,False,0
CMP016,2026-05-17,new,C0039,kakao,True,False,False,False,0
CMP016,2026-05-17,new,C0042,sms,True,True,False,False,0
CMP016,2026-05-17,new,C0050,kakao,True,False,False,False,0
CMP016,2026-05-17,new,C0054,kakao,True,False,False,False,0
CMP016,2026-05-17,new,C0063,sms,True,True,True,False,0
CMP016,2026-05-17,new,C0067,kakao,True,True,False,False,0
CMP016,2026-05-17,new,C0075,sms,True,True,True,False,0
CMP016,2026-05-17,new,C0078,sms,True,False,False,False,0
CMP016,2026-05-17,new,C0082,kakao,True,True,True,False,0
CMP016,2026-05-17,new,C0095,push,True,False,False,False,0
CMP016,2026-05-17,new,C0102,email,True,False,False,False,0
CMP016,2026-05-17,new,C0105,sms,True,False,False,False,0
CMP016,2026-05-17,new,C0107,sms,True,False,False,False,0
CMP016,2026-05-17,new,C0116,email,True,False,False,False,0
CMP016,2026-05-17,new,C0118,kakao,True,True,False,False,0
CMP016,2026-05-17,new,C0122,email,True,False,False,False,0
CMP016,2026-05-17,new,C0137,sms,True,False,False,False,0
CMP016,2026-05-17,new,C0139,push,True,False,False,False,0
CMP016,2026-05-17,new,C0141,email,True,False,False,False,0
CMP016,2026-05-17,new,C0145,kakao,True,True,False,False,0
CMP016,2026-05-17,new,C0152,push,True,False,False,False,0
CMP016,2026-05-17,new,C0159,sms,True,False,False,False,0
CMP016,2026-05-17,new,C0166,email,True,True,False,False,0
CMP016,2026-05-17,new,C0168,email,True,False,False,False,0
CMP016,2026-05-17,new,C0169,kakao,True,True,True,False,0
CMP016,2026-05-17,new,C0178,email,True,False,False,False,0
CMP016,2026-05-17,new,C0191,kakao,True,False,False,False,0
CMP016,2026-05-17,new,C0195,sms,True,False,False,False,0
CMP016,2026-05-17,new,C0197,kakao,True,False,False,False,0
CMP016,2026-05-17,new,C0200,email,True,True,False,False,0
CMP016,2026-05-17,new,C0203,email,True,True,False,False,0
CMP016,2026-05-17,new,C0207,email,True,False,False,False,0
CMP016,2026-05-17,new,C0237,push,True,False,False,False,0
CMP016,2026-05-17,new,C0238,email,True,False,False,False,0
CMP016,2026-05-17,new,C0244,kakao,True,False,False,False,0
CMP016,2026-05-17,new,C0245,sms,True,False,False,False,0
CMP016,2026-05-17,new,C0257,email,True,True,False,False,0
CMP016,2026-05-17,new,C0269,sms,True,False,False,False,0
CMP016,2026-05-17,new,C0273,sms,True,False,False,False,0
CMP016,2026-05-17,new,C0278,sms,True,False,False,False,0
CMP016,2026-05-17,new,C0280,kakao,True,True,False,False,0
CMP016,2026-05-17,new,C0286,email,True,True,False,False,0
CMP016,2026-05-17,new,C0288,push,True,False,False,False,0
CMP016,2026-05-17,new,C0290,sms,True,False,False,False,0
CMP016,2026-05-17,new,C0291,sms,True,False,False,False,0
CMP016,2026-05-17,new,C0292,kakao,True,True,False,False,0
CMP016,2026-05-17,new,C0298,email,True,True,False,False,0
CMP016,2026-05-17,new,C0309,sms,True,False,False,False,0
CMP016,2026-05-17,new,C0314,email,True,False,False,False,0
CMP016,2026-05-17,new,C0315,sms,True,True,True,False,0
CMP016,2026-05-17,new,C0319,sms,True,False,False,False,0
CMP016,2026-05-17,new,C0323,sms,True,True,False,False,0
CMP016,2026-05-17,new,C0329,email,True,False,False,False,0
CMP016,2026-05-17,new,C0331,sms,True,True,False,False,0
CMP016,2026-05-17,new,C0337,push,True,False,False,False,0
CMP016,2026-05-17,new,C0340,email,True,True,True,True,117000
CMP016,2026-05-17,new,C0342,email,True,False,False,False,0
CMP016,2026-05-17,new,C0343,sms,True,False,False,False,0
CMP016,2026-05-17,new,C0344,email,True,False,False,False,0
CMP016,2026-05-17,new,C0354,email,True,True,False,False,0
CMP016,2026-05-17,new,C0356,email,True,False,False,False,0
CMP016,2026-05-17,new,C0363,kakao,True,True,True,True,256000
CMP016,2026-05-17,new,C0376,push,True,False,False,False,0
CMP016,2026-05-17,new,C0378,push,True,False,False,False,0
CMP016,2026-05-17,new,C0379,email,True,True,True,False,0
CMP016,2026-05-17,new,C0381,email,True,False,False,False,0
CMP016,2026-05-17,new,C0384,sms,True,False,False,False,0
CMP016,2026-05-17,new,C0390,sms,True,False,False,False,0
CMP016,2026-05-17,new,C0391,sms,True,False,False,False,0
CMP016,2026-05-17,new,C0394,kakao,True,False,False,False,0
CMP016,2026-05-17,new,C0410,kakao,True,True,False,False,0
CMP016,2026-05-17,new,C0426,email,True,False,False,False,0
CMP016,2026-05-17,new,C0428,sms,True,False,False,False,0
CMP016,2026-05-17,new,C0431,email,True,False,False,False,0
CMP016,2026-05-17,new,C0440,email,True,False,False,False,0
CMP016,2026-05-17,new,C0442,sms,True,False,False,False,0
CMP016,2026-05-17,new,C0448,sms,True,True,False,False,0
CMP016,2026-05-17,new,C0461,sms,True,False,False,False,0
CMP016,2026-05-17,new,C0464,sms,True,True,True,True,242000
CMP016,2026-05-17,new,C0474,email,True,False,False,False,0
CMP016,2026-05-17,new,C0475,kakao,True,False,False,False,0
CMP016,2026-05-17,new,C0476,sms,True,False,False,False,0
CMP016,2026-05-17,new,C0484,email,True,False,False,False,0
CMP016,2026-05-17,new,C0485,email,True,False,False,False,0
CMP016,2026-05-17,new,C0497,email,True,False,False,False,0
CMP016,2026-05-17,new,C0498,email,True,False,False,False,0
CMP016,2026-05-17,new,C0505,kakao,True,True,False,False,0
CMP016,2026-05-17,new,C0510,push,True,False,False,False,0
CMP016,2026-05-17,new,C0516,sms,True,True,False,False,0
CMP016,2026-05-17,new,C0525,email,True,True,True,False,0
CMP016,2026-05-17,new,C0527,kakao,True,True,False,False,0
CMP016,2026-05-17,new,C0531,sms,True,False,False,False,0
CMP016,2026-05-17,new,C0536,kakao,True,False,False,False,0
CMP016,2026-05-17,new,C0543,kakao,True,True,False,False,0
CMP016,2026-05-17,new,C0546,email,True,False,False,False,0
CMP016,2026-05-17,new,C0547,sms,True,False,False,False,0
CMP016,2026-05-17,new,C0549,push,True,False,False,False,0
CMP016,2026-05-17,new,C0553,email,True,False,False,False,0
CMP016,2026-05-17,new,C0555,sms,True,False,False,False,0
CMP016,2026-05-17,new,C0561,sms,True,True,True,True,223000
CMP016,2026-05-17,new,C0563,email,True,True,True,False,0
CMP016,2026-05-17,new,C0578,sms,True,False,False,False,0
CMP016,2026-05-17,new,C0581,kakao,True,False,False,False,0
CMP016,2026-05-17,new,C0585,email,True,False,False,False,0
CMP016,2026-05-17,new,C0586,kakao,True,False,False,False,0
CMP016,2026-05-17,new,C0588,email,True,True,False,False,0
CMP016,2026-05-17,new,C0591,email,True,False,False,False,0
CMP016,2026-05-17,new,C0593,kakao,True,False,False,False,0
CMP017,2026-06-10,vip,C0005,push,True,False,False,False,0
CMP017,2026-06-10,vip,C0033,sms,True,False,False,False,0
CMP017,2026-06-10,vip,C0057,sms,True,False,False,False,0
CMP017,2026-06-10,vip,C0068,email,True,False,False,False,0
CMP017,2026-06-10,vip,C0123,sms,True,True,True,False,0
CMP017,2026-06-10,vip,C0186,email,True,False,False,False,0
CMP017,2026-06-10,vip,C0206,sms,True,False,False,False,0
CMP017,2026-06-10,vip,C0214,kakao,True,False,False,False,0
CMP017,2026-06-10,vip,C0265,email,True,False,False,False,0
CMP017,2026-06-10,vip,C0274,kakao,True,True,False,False,0
CMP017,2026-06-10,vip,C0325,kakao,True,True,True,True,178000
CMP017,2026-06-10,vip,C0357,kakao,True,False,False,False,0
CMP017,2026-06-10,vip,C0418,kakao,True,False,False,False,0
CMP017,2026-06-10,vip,C0430,push,True,True,True,False,0
CMP017,2026-06-10,vip,C0477,kakao,True,False,False,False,0
CMP017,2026-06-10,vip,C0515,sms,True,False,False,False,0
CMP017,2026-06-10,vip,C0595,push,True,True,True,False,0
CMP018,2026-06-07,regular,C0011,sms,True,False,False,False,0
CMP018,2026-06-07,regular,C0015,sms,True,False,False,False,0
CMP018,2026-06-07,regular,C0041,sms,True,False,False,False,0
CMP018,2026-06-07,regular,C0044,push,True,False,False,False,0
CMP018,2026-06-07,regular,C0051,email,True,False,False,False,0
CMP018,2026-06-07,regular,C0053,email,True,False,False,False,0
CMP018,2026-06-07,regular,C0058,kakao,True,True,True,False,0
CMP018,2026-06-07,regular,C0061,sms,True,False,False,False,0
CMP018,2026-06-07,regular,C0071,sms,True,False,False,False,0
CMP018,2026-06-07,regular,C0089,kakao,True,True,True,False,0
CMP018,2026-06-07,regular,C0093,kakao,True,True,True,False,0
CMP018,2026-06-07,regular,C0096,kakao,True,False,False,False,0
CMP018,2026-06-07,regular,C0103,kakao,True,False,False,False,0
CMP018,2026-06-07,regular,C0114,kakao,True,False,False,False,0
CMP018,2026-06-07,regular,C0129,kakao,True,True,False,False,0
CMP018,2026-06-07,regular,C0131,email,True,False,False,False,0
CMP018,2026-06-07,regular,C0148,kakao,True,False,False,False,0
CMP018,2026-06-07,regular,C0155,push,True,False,False,False,0
CMP018,2026-06-07,regular,C0163,kakao,True,True,True,False,0
CMP018,2026-06-07,regular,C0167,kakao,True,True,False,False,0
CMP018,2026-06-07,regular,C0179,email,True,False,False,False,0
CMP018,2026-06-07,regular,C0196,sms,True,True,True,True,71000
CMP018,2026-06-07,regular,C0209,email,True,False,False,False,0
CMP018,2026-06-07,regular,C0213,sms,True,False,False,False,0
CMP018,2026-06-07,regular,C0215,kakao,True,False,False,False,0
CMP018,2026-06-07,regular,C0217,email,True,False,False,False,0
CMP018,2026-06-07,regular,C0218,email,True,True,False,False,0
CMP018,2026-06-07,regular,C0220,sms,True,True,False,False,0
CMP018,2026-06-07,regular,C0221,sms,True,False,False,False,0
CMP018,2026-06-07,regular,C0230,kakao,True,False,False,False,0
CMP018,2026-06-07,regular,C0259,email,True,False,False,False,0
CMP018,2026-06-07,regular,C0262,sms,True,False,False,False,0
CMP018,2026-06-07,regular,C0275,email,True,False,False,False,0
CMP018,2026-06-07,regular,C0281,sms,True,False,False,False,0
CMP018,2026-06-07,regular,C0282,kakao,True,False,False,False,0
CMP018,2026-06-07,regular,C0294,sms,True,False,False,False,0
CMP018,2026-06-07,regular,C0295,sms,True,False,False,False,0
CMP018,2026-06-07,regular,C0302,email,True,False,False,False,0
CMP018,2026-06-07,regular,C0321,push,True,False,False,False,0
CMP018,2026-06-07,regular,C0353,sms,True,True,True,True,85000
CMP018,2026-06-07,regular,C0355,sms,True,False,False,False,0
CMP018,2026-06-07,regular,C0359,email,True,False,False,False,0
CMP018,2026-06-07,regular,C0361,sms,True,False,False,False,0
CMP018,2026-06-07,regular,C0371,push,True,False,False,False,0
CMP018,2026-06-07,regular,C0397,kakao,True,False,False,False,0
CMP018,2026-06-07,regular,C0403,push,True,True,True,False,0
CMP018,2026-06-07,regular,C0406,email,True,False,False,False,0
CMP018,2026-06-07,regular,C0415,email,True,False,False,False,0
CMP018,2026-06-07,regular,C0417,email,True,False,False,False,0
CMP018,2026-06-07,regular,C0424,sms,True,False,False,False,0
CMP018,2026-06-07,regular,C0436,email,True,False,False,False,0
CMP018,2026-06-07,regular,C0438,kakao,True,True,False,False,0
CMP018,2026-06-07,regular,C0443,push,True,False,False,False,0
CMP018,2026-06-07,regular,C0447,push,True,False,False,False,0
CMP018,2026-06-07,regular,C0455,kakao,True,True,True,False,0
CMP018,2026-06-07,regular,C0481,email,True,False,False,False,0
CMP018,2026-06-07,regular,C0482,kakao,True,True,True,False,0
CMP018,2026-06-07,regular,C0489,email,True,False,False,False,0
CMP018,2026-06-07,regular,C0490,email,True,False,False,False,0
CMP018,2026-06-07,regular,C0492,push,True,False,False,False,0
CMP018,2026-06-07,regular,C0494,sms,True,False,False,False,0
CMP018,2026-06-07,regular,C0495,sms,True,False,False,False,0
CMP018,2026-06-07,regular,C0509,email,True,True,False,False,0
CMP018,2026-06-07,regular,C0512,sms,True,True,True,False,0
CMP018,2026-06-07,regular,C0541,kakao,True,True,True,False,0
CMP018,2026-06-07,regular,C0545,sms,True,True,True,True,195000
CMP018,2026-06-07,regular,C0554,sms,True,False,False,False,0
CMP018,2026-06-07,regular,C0564,email,True,True,False,False,0
CMP018,2026-06-07,regular,C0566,email,True,True,False,False,0
CMP018,2026-06-07,regular,C0568,push,True,False,False,False,0
CMP018,2026-06-07,regular,C0572,kakao,True,True,False,False,0
CMP018,2026-06-07,regular,C0579,sms,True,False,False,False,0
CMP018,2026-06-07,regular,C0582,sms,True,False,False,False,0
CMP018,2026-06-07,regular,C0587,kakao,True,True,False,False,0
CMP018,2026-06-07,regular,C0589,email,True,True,False,False,0
CMP018,2026-06-07,regular,C0600,push,True,False,False,False,0
CMP019,2026-06-11,dormant,C0006,kakao,True,True,True,True,155000
CMP019,2026-06-11,dormant,C0008,email,True,False,False,False,0
CMP019,2026-06-11,dormant,C0017,sms,True,False,False,False,0
CMP019,2026-06-11,dormant,C0035,sms,True,True,True,False,0
CMP019,2026-06-11,dormant,C0038,kakao,True,False,False,False,0
CMP019,2026-06-11,dormant,C0046,sms,True,False,False,False,0
CMP019,2026-06-11,dormant,C0049,sms,True,True,False,False,0
CMP019,2026-06-11,dormant,C0055,kakao,True,False,False,False,0
CMP019,2026-06-11,dormant,C0064,sms,True,False,False,False,0
CMP019,2026-06-11,dormant,C0070,sms,True,True,False,False,0
CMP019,2026-06-11,dormant,C0087,email,True,False,False,False,0
CMP019,2026-06-11,dormant,C0090,sms,True,False,False,False,0
CMP019,2026-06-11,dormant,C0091,kakao,True,False,False,False,0
CMP019,2026-06-11,dormant,C0092,sms,True,False,False,False,0
CMP019,2026-06-11,dormant,C0094,kakao,True,True,True,False,0
CMP019,2026-06-11,dormant,C0111,kakao,True,True,False,False,0
CMP019,2026-06-11,dormant,C0112,sms,True,False,False,False,0
CMP019,2026-06-11,dormant,C0115,sms,True,False,False,False,0
CMP019,2026-06-11,dormant,C0117,sms,True,False,False,False,0
CMP019,2026-06-11,dormant,C0132,sms,True,False,False,False,0
CMP019,2026-06-11,dormant,C0133,sms,True,True,False,False,0
CMP019,2026-06-11,dormant,C0149,kakao,True,False,False,False,0
CMP019,2026-06-11,dormant,C0150,kakao,True,True,False,False,0
CMP019,2026-06-11,dormant,C0154,kakao,True,True,False,False,0
CMP019,2026-06-11,dormant,C0157,sms,True,False,False,False,0
CMP019,2026-06-11,dormant,C0161,email,True,False,False,False,0
CMP019,2026-06-11,dormant,C0173,kakao,True,True,True,False,0
CMP019,2026-06-11,dormant,C0180,kakao,True,False,False,False,0
CMP019,2026-06-11,dormant,C0184,push,True,True,False,False,0
CMP019,2026-06-11,dormant,C0204,kakao,True,True,False,False,0
CMP019,2026-06-11,dormant,C0231,email,True,False,False,False,0
CMP019,2026-06-11,dormant,C0234,sms,True,False,False,False,0
CMP019,2026-06-11,dormant,C0235,kakao,True,False,False,False,0
CMP019,2026-06-11,dormant,C0247,sms,True,False,False,False,0
CMP019,2026-06-11,dormant,C0248,email,True,False,False,False,0
CMP019,2026-06-11,dormant,C0253,sms,True,False,False,False,0
CMP019,2026-06-11,dormant,C0261,email,True,False,False,False,0
CMP019,2026-06-11,dormant,C0264,sms,True,True,False,False,0
CMP019,2026-06-11,dormant,C0270,email,True,False,False,False,0
CMP019,2026-06-11,dormant,C0272,email,True,False,False,False,0
CMP019,2026-06-11,dormant,C0284,push,True,False,False,False,0
CMP019,2026-06-11,dormant,C0293,sms,True,True,False,False,0
CMP019,2026-06-11,dormant,C0296,email,True,True,False,False,0
CMP019,2026-06-11,dormant,C0307,kakao,True,True,False,False,0
CMP019,2026-06-11,dormant,C0312,kakao,True,False,False,False,0
CMP019,2026-06-11,dormant,C0326,push,True,False,False,False,0
CMP019,2026-06-11,dormant,C0330,email,True,True,True,False,0
CMP019,2026-06-11,dormant,C0334,kakao,True,False,False,False,0
CMP019,2026-06-11,dormant,C0336,email,True,False,False,False,0
CMP019,2026-06-11,dormant,C0341,kakao,True,True,True,False,0
CMP019,2026-06-11,dormant,C0347,email,True,True,True,True,176000
CMP019,2026-06-11,dormant,C0358,kakao,True,False,False,False,0
CMP019,2026-06-11,dormant,C0401,kakao,True,True,False,False,0
CMP019,2026-06-11,dormant,C0405,sms,True,False,False,False,0
CMP019,2026-06-11,dormant,C0419,kakao,True,False,False,False,0
CMP019,2026-06-11,dormant,C0420,sms,True,True,True,False,0
CMP019,2026-06-11,dormant,C0432,sms,True,True,True,False,0
CMP019,2026-06-11,dormant,C0441,sms,True,True,False,False,0
CMP019,2026-06-11,dormant,C0444,kakao,True,True,False,False,0
CMP019,2026-06-11,dormant,C0445,sms,True,False,False,False,0
CMP019,2026-06-11,dormant,C0459,sms,True,False,False,False,0
CMP019,2026-06-11,dormant,C0460,email,True,True,False,False,0
CMP019,2026-06-11,dormant,C0465,push,True,False,False,False,0
CMP019,2026-06-11,dormant,C0470,email,True,True,False,False,0
CMP019,2026-06-11,dormant,C0472,email,True,False,False,False,0
CMP019,2026-06-11,dormant,C0478,email,True,False,False,False,0
CMP019,2026-06-11,dormant,C0480,email,True,True,False,False,0
CMP019,2026-06-11,dormant,C0501,email,True,False,False,False,0
CMP019,2026-06-11,dormant,C0519,email,True,False,False,False,0
CMP019,2026-06-11,dormant,C0521,email,True,False,False,False,0
CMP019,2026-06-11,dormant,C0538,sms,True,True,True,False,0
CMP019,2026-06-11,dormant,C0540,push,True,True,False,False,0
CMP019,2026-06-11,dormant,C0552,sms,True,False,False,False,0
CMP019,2026-06-11,dormant,C0558,email,True,False,False,False,0
CMP019,2026-06-11,dormant,C0565,kakao,True,False,False,False,0
CMP019,2026-06-11,dormant,C0571,sms,True,True,False,False,0
CMP019,2026-06-11,dormant,C0575,sms,True,True,False,False,0
CMP019,2026-06-11,dormant,C0580,kakao,True,False,False,False,0
CMP019,2026-06-11,dormant,C0592,kakao,True,False,False,False,0
CMP019,2026-06-11,dormant,C0594,sms,True,False,False,False,0
CMP019,2026-06-11,dormant,C0598,email,True,True,False,False,0
CMP020,2026-06-03,new,C0002,email,True,False,False,False,0
CMP020,2026-06-03,new,C0003,push,True,False,False,False,0
CMP020,2026-06-03,new,C0012,email,True,False,False,False,0
CMP020,2026-06-03,new,C0013,kakao,True,True,False,False,0
CMP020,2026-06-03,new,C0016,kakao,True,True,False,False,0
CMP020,2026-06-03,new,C0019,sms,True,False,False,False,0
CMP020,2026-06-03,new,C0020,kakao,True,True,False,False,0
CMP020,2026-06-03,new,C0023,sms,True,False,False,False,0
CMP020,2026-06-03,new,C0024,email,True,False,False,False,0
CMP020,2026-06-03,new,C0027,push,True,False,False,False,0
CMP020,2026-06-03,new,C0031,kakao,True,True,True,True,253000
CMP020,2026-06-03,new,C0034,kakao,True,True,False,False,0
CMP020,2026-06-03,new,C0037,email,True,False,False,False,0
CMP020,2026-06-03,new,C0039,sms,True,False,False,False,0
CMP020,2026-06-03,new,C0048,email,True,False,False,False,0
CMP020,2026-06-03,new,C0050,sms,True,False,False,False,0
CMP020,2026-06-03,new,C0060,email,True,False,False,False,0
CMP020,2026-06-03,new,C0062,push,True,False,False,False,0
CMP020,2026-06-03,new,C0063,sms,True,False,False,False,0
CMP020,2026-06-03,new,C0067,sms,True,False,False,False,0
CMP020,2026-06-03,new,C0073,sms,True,False,False,False,0
CMP020,2026-06-03,new,C0075,kakao,True,True,False,False,0
CMP020,2026-06-03,new,C0086,email,True,False,False,False,0
CMP020,2026-06-03,new,C0088,sms,True,False,False,False,0
CMP020,2026-06-03,new,C0095,sms,True,True,False,False,0
CMP020,2026-06-03,new,C0101,kakao,True,True,False,False,0
CMP020,2026-06-03,new,C0105,email,True,False,False,False,0
CMP020,2026-06-03,new,C0118,sms,True,False,False,False,0
CMP020,2026-06-03,new,C0120,kakao,True,True,True,False,0
CMP020,2026-06-03,new,C0122,sms,True,False,False,False,0
CMP020,2026-06-03,new,C0125,sms,True,False,False,False,0
CMP020,2026-06-03,new,C0137,kakao,True,False,False,False,0
CMP020,2026-06-03,new,C0138,sms,True,False,False,False,0
CMP020,2026-06-03,new,C0139,kakao,True,True,False,False,0
CMP020,2026-06-03,new,C0145,email,True,False,False,False,0
CMP020,2026-06-03,new,C0152,push,True,False,False,False,0
CMP020,2026-06-03,new,C0168,email,True,False,False,False,0
CMP020,2026-06-03,new,C0187,sms,True,True,True,False,0
CMP020,2026-06-03,new,C0189,kakao,True,False,False,False,0
CMP020,2026-06-03,new,C0193,sms,True,False,False,False,0
CMP020,2026-06-03,new,C0197,sms,True,False,False,False,0
CMP020,2026-06-03,new,C0198,kakao,True,False,False,False,0
CMP020,2026-06-03,new,C0200,sms,True,False,False,False,0
CMP020,2026-06-03,new,C0201,sms,True,True,False,False,0
CMP020,2026-06-03,new,C0207,email,True,False,False,False,0
CMP020,2026-06-03,new,C0208,kakao,True,False,False,False,0
CMP020,2026-06-03,new,C0210,kakao,True,False,False,False,0
CMP020,2026-06-03,new,C0219,sms,True,False,False,False,0
CMP020,2026-06-03,new,C0224,kakao,True,False,False,False,0
CMP020,2026-06-03,new,C0233,email,True,False,False,False,0
CMP020,2026-06-03,new,C0236,kakao,True,False,False,False,0
CMP020,2026-06-03,new,C0238,kakao,True,False,False,False,0
CMP020,2026-06-03,new,C0245,kakao,True,True,True,False,0
CMP020,2026-06-03,new,C0273,sms,True,False,False,False,0
CMP020,2026-06-03,new,C0278,kakao,True,True,False,False,0
CMP020,2026-06-03,new,C0288,sms,True,False,False,False,0
CMP020,2026-06-03,new,C0289,sms,True,True,True,False,0
CMP020,2026-06-03,new,C0290,email,True,False,False,False,0
CMP020,2026-06-03,new,C0291,email,True,False,False,False,0
CMP020,2026-06-03,new,C0292,kakao,True,False,False,False,0
CMP020,2026-06-03,new,C0298,sms,True,False,False,False,0
CMP020,2026-06-03,new,C0301,kakao,True,False,False,False,0
CMP020,2026-06-03,new,C0306,kakao,True,True,False,False,0
CMP020,2026-06-03,new,C0309,email,True,False,False,False,0
CMP020,2026-06-03,new,C0314,push,True,False,False,False,0
CMP020,2026-06-03,new,C0315,email,True,True,True,False,0
CMP020,2026-06-03,new,C0318,sms,True,True,True,True,85000
CMP020,2026-06-03,new,C0323,kakao,True,True,True,False,0
CMP020,2026-06-03,new,C0329,push,True,False,False,False,0
CMP020,2026-06-03,new,C0331,sms,True,False,False,False,0
CMP020,2026-06-03,new,C0338,kakao,True,True,False,False,0
CMP020,2026-06-03,new,C0340,email,True,False,False,False,0
CMP020,2026-06-03,new,C0342,sms,True,True,False,False,0
CMP020,2026-06-03,new,C0343,email,True,False,False,False,0
CMP020,2026-06-03,new,C0344,sms,True,False,False,False,0
CMP020,2026-06-03,new,C0345,sms,True,False,False,False,0
CMP020,2026-06-03,new,C0354,kakao,True,True,False,False,0
CMP020,2026-06-03,new,C0356,sms,True,False,False,False,0
CMP020,2026-06-03,new,C0362,kakao,True,True,True,False,0
CMP020,2026-06-03,new,C0363,sms,True,True,False,False,0
CMP020,2026-06-03,new,C0369,email,True,False,False,False,0
CMP020,2026-06-03,new,C0370,kakao,True,False,False,False,0
CMP020,2026-06-03,new,C0374,sms,True,True,True,False,0
CMP020,2026-06-03,new,C0379,email,True,False,False,False,0
CMP020,2026-06-03,new,C0381,push,True,False,False,False,0
CMP020,2026-06-03,new,C0384,email,True,False,False,False,0
CMP020,2026-06-03,new,C0391,email,True,False,False,False,0
CMP020,2026-06-03,new,C0394,email,True,False,False,False,0
CMP020,2026-06-03,new,C0395,email,True,True,False,False,0
CMP020,2026-06-03,new,C0399,email,True,True,False,False,0
CMP020,2026-06-03,new,C0402,sms,True,False,False,False,0
CMP020,2026-06-03,new,C0407,kakao,True,True,True,False,0
CMP020,2026-06-03,new,C0408,kakao,True,False,False,False,0
CMP020,2026-06-03,new,C0410,sms,True,False,False,False,0
CMP020,2026-06-03,new,C0412,sms,True,True,True,True,127000
CMP020,2026-06-03,new,C0416,kakao,True,False,False,False,0
CMP020,2026-06-03,new,C0442,kakao,True,False,False,False,0
CMP020,2026-06-03,new,C0464,sms,True,False,False,False,0
CMP020,2026-06-03,new,C0474,kakao,True,False,False,False,0
CMP020,2026-06-03,new,C0475,sms,True,True,False,False,0
CMP020,2026-06-03,new,C0476,sms,True,True,False,False,0
CMP020,2026-06-03,new,C0485,email,True,False,False,False,0
CMP020,2026-06-03,new,C0498,sms,True,True,False,False,0
CMP020,2026-06-03,new,C0503,email,True,True,True,False,0
CMP020,2026-06-03,new,C0529,sms,True,False,False,False,0
CMP020,2026-06-03,new,C0532,kakao,True,True,False,False,0
CMP020,2026-06-03,new,C0533,email,True,False,False,False,0
CMP020,2026-06-03,new,C0534,sms,True,True,True,False,0
CMP020,2026-06-03,new,C0536,sms,True,True,True,False,0
CMP020,2026-06-03,new,C0546,email,True,False,False,False,0
CMP020,2026-06-03,new,C0549,email,True,False,False,False,0
CMP020,2026-06-03,new,C0555,sms,True,False,False,False,0
CMP020,2026-06-03,new,C0557,kakao,True,False,False,False,0
CMP020,2026-06-03,new,C0560,email,True,False,False,False,0
CMP020,2026-06-03,new,C0562,email,True,False,False,False,0
CMP020,2026-06-03,new,C0563,push,True,False,False,False,0
CMP020,2026-06-03,new,C0574,email,True,False,False,False,0
CMP020,2026-06-03,new,C0581,kakao,True,True,False,False,0
CMP020,2026-06-03,new,C0584,email,True,False,False,False,0
CMP020,2026-06-03,new,C0585,kakao,True,True,True,False,0
CMP020,2026-06-03,new,C0586,email,True,False,False,False,0
CMP020,2026-06-03,new,C0590,email,True,True,False,False,0
CMP020,2026-06-03,new,C0591,kakao,True,True,True,False,0
CMP020,2026-06-03,new,C0593,kakao,True,False,False,False,0
